id,disposition,note
0095050343,ADD,proposal 48% reviewed
00ba46237c,ADD,proposal 57% reviewed
00bf2f287e,ADD,proposal 0% reviewed
016d10a6cc,FIX,proposal 88% reviewed
01cd6ad055,ADD,proposal 55% reviewed
024c7507c4,ADD,proposal 52% reviewed
02de263680,ADD,proposal 64% reviewed
04b27668a9,ADD,proposal 49% reviewed
04be99cf53,ADD,proposal 46% reviewed
04fa9a06d8,ADD,proposal 65% reviewed
0525ca26ad,ADD,proposal 50% reviewed
05fd5aedad,ADD,proposal 50% reviewed
06aed1e606,ADD,proposal 43% reviewed
0753d60495,ADD,proposal 51% reviewed
07dc0e6218,ADD,proposal 0% reviewed
08fb148d21,ADD,proposal 0% reviewed
091b3538b3,ADD,proposal 51% reviewed
09c0881c41,ADD,proposal 61% reviewed
0b1e713e79,ADD,proposal 60% reviewed
0bafcc6d89,ADD,proposal 0% reviewed
0c60bdefb1,ADD,proposal 53% reviewed
0c6267491c,ADD,proposal 56% reviewed
0d62aac814,FIX,proposal 82% reviewed
0e97d05740,ADD,proposal 0% reviewed
0ea5773f72,TOKENISED,proposal 61% reviewed
0ebcf04725,ADD,proposal 50% reviewed
0f0686ea80,FIX,proposal 100% reviewed
0f221f1cff,FIX,proposal 100% reviewed
0fa99d0641,ADD,proposal 49% reviewed
0fbb1429fe,ADD,proposal 51% reviewed
10e6429afd,ADD,proposal 55% reviewed
1159245f77,ADD,proposal 50% reviewed
11b7ceb2a0,ADD,proposal 42% reviewed
11d5ffa126,ADD,proposal 64% reviewed
1285ef2344,ADD,proposal 64% reviewed
12ae0e1688,ADD,proposal 55% reviewed
12fbd522a4,ADD,proposal 45% reviewed
14aea1cc32,ADD,proposal 52% reviewed
154cb8b75e,ADD,proposal 48% reviewed
15ec4d0673,ADD,proposal 46% reviewed
160618848a,ADD,proposal 62% reviewed
162e160eed,ADD,proposal 56% reviewed
16e474d2b9,ADD,proposal 53% reviewed
1746f5bbd6,ADD,proposal 54% reviewed
17b3840da2,FIX,proposal 73% reviewed
183abd2959,ADD,proposal 61% reviewed
184797e4ea,ADD,proposal 46% reviewed
193fc2cd34,ADD,proposal 56% reviewed
1992b38339,TOKENISED,proposal 85% reviewed
19a64902b5,ADD,proposal 47% reviewed
1a46619dc5,ADD,proposal 59% reviewed
1a7e89ae92,ADD,proposal 56% reviewed
1b71ce7387,ADD,proposal 58% reviewed
1b93e0ced6,ADD,proposal 55% reviewed
1c1ee33f25,ADD,proposal 58% reviewed
1c30ee65c2,FIX,proposal 77% reviewed
1cae6a7212,ADD,proposal 50% reviewed
1cef5b3463,ADD,proposal 59% reviewed
1d08e2264c,ADD,proposal 43% reviewed
1d6de9e793,ADD,proposal 0% reviewed
1d8f6a31a5,FIX,proposal 80% reviewed
1e94130118,ADD,proposal 48% reviewed
1eb10152c6,FIX,proposal 90% reviewed
1f8b8f4455,FIX,proposal 98% reviewed
1fe5a35d4f,ADD,proposal 0% reviewed
1fefbcd71e,ADD,proposal 68% reviewed
2000ff5e12,FIX,proposal 98% reviewed
20a70c065f,ADD,proposal 49% reviewed
2162ad7cc2,ADD,proposal 48% reviewed
21639dfd1d,ADD,proposal 60% reviewed
22f36033e4,FIX,proposal 93% reviewed
232399bed1,ADD,proposal 49% reviewed
232fc1838b,ADD,proposal 50% reviewed
2417e896e5,ADD,proposal 50% reviewed
2446dfb38b,ADD,proposal 65% reviewed
24d48ac9f6,ADD,proposal 53% reviewed
24e495c4c3,ADD,proposal 51% reviewed
258a03ba15,TOKENISED,proposal 65% reviewed
259780da55,FIX,proposal 80% reviewed
25b9c9e82f,ADD,proposal 51% reviewed
260b809efe,TOKENISED,proposal 99% reviewed
2672b803fd,FIX,proposal 73% reviewed
27338fa9d4,ADD,proposal 49% reviewed
27726e0960,ADD,proposal 69% reviewed
27b339c032,ADD,proposal 48% reviewed
2868082c20,ADD,proposal 70% reviewed
28c53df40e,ADD,proposal 50% reviewed
290a777966,ADD,proposal 71% reviewed
29221eee58,ADD,proposal 47% reviewed
29dc8424f3,ADD,proposal 53% reviewed
29f2d48002,FIX,proposal 74% reviewed
2a2547c17b,ADD,proposal 44% reviewed
2a71e1c9fc,ADD,proposal 48% reviewed
2ab00ea5b4,ADD,proposal 62% reviewed
2abbead75f,ADD,proposal 52% reviewed
2bf433ba09,ADD,proposal 48% reviewed
2d09d59be0,ADD,proposal 46% reviewed
2d75632dfc,ADD,proposal 57% reviewed
2d83ab488b,ADD,proposal 50% reviewed
2e1bd3d44b,ADD,proposal 48% reviewed
2e7c745852,ADD,proposal 50% reviewed
2f088b8ca5,ADD,proposal 45% reviewed
2f9dfda515,ADD,proposal 47% reviewed
2ff4e42c77,ADD,proposal 45% reviewed
30a5de5a5a,ADD,proposal 0% reviewed
30f883c6ec,ADD,proposal 0% reviewed
311cc5612e,ADD,proposal 46% reviewed
31fa36836e,ADD,proposal 53% reviewed
32ce8641e3,TOKENISED,proposal 61% reviewed
3309890c83,ADD,proposal 51% reviewed
33a0fa06c5,ADD,proposal 49% reviewed
33bd78c5b8,ADD,proposal 46% reviewed
33eca0f929,ADD,proposal 47% reviewed
33f4e43372,ADD,proposal 44% reviewed
340bc86497,ADD,proposal 53% reviewed
347a242086,ADD,proposal 0% reviewed
3587bbf05b,FIX,proposal 90% reviewed
35f425e183,FIX,proposal 73% reviewed
3678b1703f,ADD,proposal 61% reviewed
36859a0ad9,FIX,proposal 86% reviewed
3731c4eb2b,ADD,proposal 55% reviewed
377aa79ed3,ADD,proposal 70% reviewed
37ee9fd9b0,FIX,proposal 90% reviewed
38bc3d897c,ADD,proposal 70% reviewed
38d8d5a64e,FIX,proposal 93% reviewed
3922735c7f,ADD,proposal 54% reviewed
3994e6937f,ADD,proposal 58% reviewed
3a233d20db,ADD,proposal 42% reviewed
3ab66b2b27,ADD,proposal 51% reviewed
3bed6515e2,ADD,proposal 55% reviewed
3bf7296a1c,TOKENISED,proposal 65% reviewed
3c4ee76d17,ADD,proposal 68% reviewed
3c88a1d881,FIX,proposal 74% reviewed
3c97743f96,FIX,proposal 72% reviewed
3cc6f14e66,ADD,proposal 57% reviewed
3cfe3a0527,FIX,proposal 86% reviewed
3d331391bf,TOKENISED,proposal 78% reviewed
3d73e8cb05,FIX,proposal 85% reviewed
3e8f153430,ADD,proposal 45% reviewed
3ee9267e87,ADD,proposal 49% reviewed
3f01e7e42a,ADD,proposal 0% reviewed
3f476cd9e2,ADD,proposal 0% reviewed
3f872adc58,ADD,proposal 46% reviewed
401fb84af9,ADD,proposal 52% reviewed
404019333c,ADD,proposal 49% reviewed
4041c8688b,ADD,proposal 60% reviewed
4060fac2c5,ADD,proposal 53% reviewed
40d8c370e1,ADD,proposal 44% reviewed
43a5ca701a,ADD,proposal 65% reviewed
43d843cb81,TOKENISED,proposal 77% reviewed
43e1e7790b,ADD,proposal 64% reviewed
440ffd3d58,TOKENISED,proposal 74% reviewed
44f12adf54,FIX,proposal 95% reviewed
4673fe85c2,ADD,proposal 70% reviewed
46a92faea2,ADD,proposal 52% reviewed
46b6705fcc,ADD,proposal 50% reviewed
4711076657,FIX,proposal 85% reviewed
479aef5807,ADD,proposal 43% reviewed
485616b6a5,ADD,proposal 46% reviewed
488a15c703,ADD,proposal 60% reviewed
490c4b8502,ADD,proposal 57% reviewed
490d46b8d3,ADD,proposal 71% reviewed
493ad11a24,ADD,proposal 48% reviewed
49a8b48d4a,ADD,proposal 52% reviewed
49b05e1c1b,ADD,proposal 45% reviewed
4a1f46ec17,ADD,proposal 54% reviewed
4bb0c3709a,FIX,proposal 76% reviewed
4bdec25a21,ADD,proposal 55% reviewed
4c80d062bf,ADD,proposal 59% reviewed
4cdfcebc2c,ADD,proposal 58% reviewed
4e726daa62,ADD,proposal 56% reviewed
4e98ab36a0,FIX,proposal 75% reviewed
4ec0af77c6,FIX,proposal 89% reviewed
4ecb0dec34,ADD,proposal 49% reviewed
4edae09342,ADD,proposal 46% reviewed
4f7d433b6d,ADD,proposal 50% reviewed
501c58b1cc,ADD,proposal 62% reviewed
502ad9fbbc,ADD,proposal 69% reviewed
50911c5a61,ADD,proposal 66% reviewed
518ffab3a5,ADD,proposal 48% reviewed
51e4d59fb4,ADD,proposal 66% reviewed
524ec90d70,ADD,proposal 52% reviewed
5349e59716,ADD,proposal 0% reviewed
53f885800f,ADD,proposal 50% reviewed
54099ae496,ADD,proposal 49% reviewed
54b855ccdf,ADD,proposal 0% reviewed
54d4e3071e,FIX,proposal 78% reviewed
5609d069d0,ADD,proposal 62% reviewed
5610692719,ADD,proposal 45% reviewed
5645ff9d7a,ADD,proposal 71% reviewed
5789da242f,ADD,proposal 68% reviewed
57d8ac5722,ADD,proposal 45% reviewed
5844aaa6c4,ADD,proposal 52% reviewed
58da398fa9,ADD,proposal 49% reviewed
58e9030aff,FIX,proposal 78% reviewed
5969abb368,ADD,proposal 0% reviewed
5b27a93105,ADD,proposal 49% reviewed
5bf2a90138,FIX,proposal 87% reviewed
5c3bc1197f,ADD,proposal 53% reviewed
5cc16d2d82,TOKENISED,proposal 82% reviewed
5cecdd3977,TOKENISED,proposal 67% reviewed
5cfdfbafad,ADD,proposal 45% reviewed
5d0865ec4a,FIX,proposal 88% reviewed
5d604c1b54,ADD,proposal 45% reviewed
5de6b961c8,ADD,proposal 46% reviewed
5e22410bb8,ADD,proposal 42% reviewed
5e39398056,ADD,proposal 50% reviewed
5ede340939,ADD,proposal 46% reviewed
5f02c9b0f9,FIX,proposal 88% reviewed
5f1da7ceba,ADD,proposal 62% reviewed
5f967fa23f,ADD,proposal 50% reviewed
6032de6cc9,ADD,proposal 57% reviewed
604e1b4406,ADD,proposal 69% reviewed
60bffeffa4,FIX,proposal 82% reviewed
60ed21089a,ADD,proposal 51% reviewed
614686e0a9,ADD,proposal 56% reviewed
616baffbbe,FIX,proposal 94% reviewed
61dae8d3f2,ADD,proposal 54% reviewed
61e1023b92,FIX,proposal 96% reviewed
61f1db4e4b,ADD,proposal 49% reviewed
61f7baec30,ADD,proposal 48% reviewed
624ca718d8,ADD,proposal 70% reviewed
62cc321eb3,FIX,proposal 89% reviewed
6406ebc7e1,ADD,proposal 48% reviewed
648625652a,ADD,proposal 46% reviewed
64c4892107,ADD,proposal 53% reviewed
64efb18473,ADD,proposal 58% reviewed
66a683a5bf,ADD,proposal 56% reviewed
66b447311f,ADD,proposal 46% reviewed
6770dd48a9,ADD,proposal 43% reviewed
6797775a92,ADD,proposal 61% reviewed
679b09566c,ADD,proposal 47% reviewed
67e56e93ca,ADD,proposal 0% reviewed
6857e519c9,ADD,proposal 70% reviewed
6897237343,ADD,proposal 54% reviewed
68b3c4492f,ADD,proposal 0% reviewed
69cf8edca5,FIX,proposal 74% reviewed
6b56812da0,ADD,proposal 0% reviewed
6b5f0611b0,ADD,proposal 52% reviewed
6bc4cd17a2,TOKENISED,proposal 76% reviewed
6cb2658b57,FIX,proposal 90% reviewed
6d02d81a7d,ADD,proposal 53% reviewed
6d337d4279,ADD,proposal 66% reviewed
6d71d9843d,ADD,proposal 69% reviewed
6d88031535,ADD,proposal 46% reviewed
6d9d61e979,ADD,proposal 0% reviewed
6dbfa88b10,ADD,proposal 0% reviewed
6dfc043b4c,TOKENISED,proposal 91% reviewed
6e2a2b738f,ADD,proposal 59% reviewed
6ed915033e,ADD,proposal 0% reviewed
6edd04aa5e,ADD,proposal 55% reviewed
6efd16f438,ADD,proposal 68% reviewed
6f2f32dc98,ADD,proposal 51% reviewed
702f469176,ADD,proposal 50% reviewed
7030a40f0d,ADD,proposal 42% reviewed
718cc4531e,ADD,proposal 68% reviewed
722522e937,ADD,proposal 63% reviewed
7345ca08f5,ADD,proposal 0% reviewed
73ce598594,ADD,proposal 48% reviewed
7442af5ce0,ADD,proposal 58% reviewed
74d4947158,ADD,proposal 54% reviewed
750d3e78cf,ADD,proposal 0% reviewed
77411f67f5,ADD,proposal 66% reviewed
77bc63e9e3,TOKENISED,proposal 77% reviewed
7841d9e366,ADD,proposal 62% reviewed
79a8401152,ADD,proposal 42% reviewed
7a09cf35ae,ADD,proposal 53% reviewed
7a2d887077,ADD,proposal 48% reviewed
7a333addc2,FIX,proposal 92% reviewed
7c0ddd9e3e,FIX,proposal 97% reviewed
7de143fff0,TOKENISED,proposal 83% reviewed
7eb48cc8ec,ADD,proposal 51% reviewed
7f7b508f6a,ADD,proposal 54% reviewed
81a97c978c,FIX,proposal 89% reviewed
829941ce59,ADD,proposal 53% reviewed
83265d5c46,FIX,proposal 100% reviewed
83432fbdac,ADD,proposal 50% reviewed
842a63f402,FIX,proposal 72% reviewed
84d86956cc,FIX,proposal 98% reviewed
85af95929d,FIX,proposal 96% reviewed
85d6d14fcb,ADD,proposal 53% reviewed
86c879b27b,ADD,proposal 49% reviewed
87e62297dc,ADD,proposal 63% reviewed
8816944e44,ADD,proposal 62% reviewed
88b17e901a,FIX,proposal 93% reviewed
88c79f288e,ADD,proposal 52% reviewed
898b061f40,ADD,proposal 53% reviewed
89b4927fbc,ADD,proposal 46% reviewed
8a8c8ecf48,TOKENISED,proposal 75% reviewed
8af274db27,ADD,proposal 49% reviewed
8b189164b2,TOKENISED,proposal 65% reviewed
8c1b027c3b,ADD,proposal 69% reviewed
8daef8d41d,ADD,proposal 59% reviewed
8eeb4386e0,FIX,proposal 84% reviewed
905c01b7e3,FIX,proposal 74% reviewed
90810e07cd,ADD,proposal 65% reviewed
90a2bc7bec,FIX,proposal 83% reviewed
90beaa7cbc,ADD,proposal 0% reviewed
90c9ff7c9c,ADD,proposal 59% reviewed
90f0fd0480,ADD,proposal 52% reviewed
917254b484,ADD,proposal 0% reviewed
921f086110,FIX,proposal 83% reviewed
92b38d9020,ADD,proposal 44% reviewed
92c1e3c1b9,ADD,proposal 51% reviewed
92ee5faf85,ADD,proposal 0% reviewed
9394cf62bc,TOKENISED,proposal 64% reviewed
93f0549eae,ADD,proposal 65% reviewed
9494f221b2,ADD,proposal 59% reviewed
949fcdd2c2,ADD,proposal 53% reviewed
95208e83c6,ADD,proposal 51% reviewed
957861a151,ADD,proposal 49% reviewed
9608dd2d7c,ADD,proposal 63% reviewed
9615dd2218,ADD,proposal 62% reviewed
9619d878be,FIX,proposal 87% reviewed
964f88640d,ADD,proposal 48% reviewed
97090c037f,FIX,proposal 89% reviewed
973f46855a,FIX,proposal 93% reviewed
9809a74c55,FIX,proposal 73% reviewed
9817b74517,ADD,proposal 46% reviewed
985faa7dea,ADD,proposal 46% reviewed
99383af1b7,TOKENISED,proposal 81% reviewed
9954b7f6d1,ADD,proposal 52% reviewed
99905703ef,ADD,proposal 0% reviewed
9a09f764b8,FIX,proposal 77% reviewed
9b0b46b54c,TOKENISED,proposal 93% reviewed
9b617ac8f2,TOKENISED,proposal 69% reviewed
9b7d642409,ADD,proposal 55% reviewed
9bafb801e4,ADD,proposal 57% reviewed
9c6172d45f,ADD,proposal 53% reviewed
9c63f8c78f,ADD,proposal 48% reviewed
9cb65f41dc,ADD,proposal 44% reviewed
9dbbc2cc23,ADD,proposal 61% reviewed
9e5a890acf,ADD,proposal 0% reviewed
9f04a5217a,ADD,proposal 54% reviewed
9f1bfb68be,FIX,proposal 98% reviewed
9fc4a48920,ADD,proposal 45% reviewed
a029db939f,FIX,proposal 94% reviewed
a0a51e88a6,ADD,proposal 52% reviewed
a0e81a94e2,ADD,proposal 47% reviewed
a14ac6a02e,ADD,proposal 41% reviewed
a205b28725,FIX,proposal 73% reviewed
a22ef80a2a,ADD,proposal 52% reviewed
a243f3f367,ADD,proposal 51% reviewed
a2df34cb86,ADD,proposal 52% reviewed
a4276d9dd1,FIX,proposal 72% reviewed
a4466f701b,ADD,proposal 49% reviewed
a4572ef0d4,ADD,proposal 45% reviewed
a4a8539a79,ADD,proposal 49% reviewed
a547f5a3ff,ADD,proposal 50% reviewed
a5596b97d6,ADD,proposal 55% reviewed
a56715f9bd,ADD,proposal 0% reviewed
a7f27c601e,ADD,proposal 48% reviewed
a8af214a2c,ADD,proposal 60% reviewed
a8b1c45521,ADD,proposal 46% reviewed
a8f41dab43,ADD,proposal 54% reviewed
a992d05ca6,ADD,proposal 46% reviewed
aa5bfa9d15,ADD,proposal 52% reviewed
aa6b056c3e,ADD,proposal 46% reviewed
aa6b84d88b,ADD,proposal 66% reviewed
aa7f281f92,FIX,proposal 89% reviewed
ab1448e42f,ADD,proposal 42% reviewed
ac5d7bbe0b,ADD,proposal 50% reviewed
acf3dbfd55,ADD,proposal 57% reviewed
ad55541eaa,ADD,proposal 54% reviewed
adac634ba1,ADD,proposal 47% reviewed
ae33d378f5,ADD,proposal 55% reviewed
afe35f74a4,ADD,proposal 64% reviewed
b0227e39d3,ADD,proposal 64% reviewed
b205ed2cd5,ADD,proposal 56% reviewed
b2fe195afd,TOKENISED,proposal 62% reviewed
b3cdc1b162,FIX,proposal 98% reviewed
b4889dfb4d,ADD,proposal 59% reviewed
b4ca7848d1,ADD,proposal 46% reviewed
b5813f45c2,ADD,proposal 64% reviewed
b6136a5381,ADD,proposal 48% reviewed
b6cd16ce83,TOKENISED,proposal 73% reviewed
b7068d63f4,ADD,proposal 54% reviewed
b72af536fd,TOKENISED,proposal 97% reviewed
b72c4bb38b,ADD,proposal 40% reviewed
b7da278bf0,ADD,proposal 52% reviewed
b8080a8dae,TOKENISED,proposal 86% reviewed
b896748bbe,ADD,proposal 54% reviewed
ba695ea35e,FIX,proposal 82% reviewed
ba8aed4852,FIX,proposal 73% reviewed
bb34402bcf,ADD,proposal 64% reviewed
bb79b43c15,ADD,proposal 59% reviewed
bb8a2996d8,ADD,proposal 59% reviewed
bc65025d43,ADD,proposal 56% reviewed
bcae44b287,ADD,proposal 45% reviewed
bcf569c2db,ADD,proposal 57% reviewed
bd023e9142,ADD,proposal 57% reviewed
bd164b5c81,FIX,proposal 86% reviewed
bd2aa512ad,ADD,proposal 58% reviewed
bd9cfaba15,ADD,proposal 43% reviewed
bdc7de0a87,ADD,proposal 0% reviewed
bdfce26677,ADD,proposal 59% reviewed
bf8bd59d69,ADD,proposal 53% reviewed
bf968094ed,ADD,proposal 56% reviewed
c070ca5c30,ADD,proposal 55% reviewed
c0a173545a,ADD,proposal 62% reviewed
c12b2192d9,FIX,proposal 81% reviewed
c1ae9eb2eb,FIX,proposal 78% reviewed
c1dcfdf363,ADD,proposal 57% reviewed
c448b0ee32,ADD,proposal 49% reviewed
c45c21e3a9,TOKENISED,proposal 92% reviewed
c45e780b68,ADD,proposal 53% reviewed
c46d1999b4,ADD,proposal 47% reviewed
c49e191030,ADD,proposal 43% reviewed
c4d71fb5df,ADD,proposal 46% reviewed
c4da57598d,ADD,proposal 58% reviewed
c4fab3d8c7,ADD,proposal 62% reviewed
c521fa4bff,ADD,proposal 59% reviewed
c5754a0104,TOKENISED,proposal 68% reviewed
c665a5e484,ADD,proposal 54% reviewed
c69bdd8b2d,ADD,proposal 65% reviewed
c6a3d9406c,FIX,proposal 84% reviewed
c714ee067b,ADD,proposal 0% reviewed
c7a329efbc,ADD,proposal 50% reviewed
c84e6c6555,FIX,proposal 98% reviewed
c87083943f,ADD,proposal 0% reviewed
c989f1aa07,ADD,proposal 57% reviewed
ca25f24f55,ADD,proposal 0% reviewed
ca3371805e,ADD,proposal 47% reviewed
ca68824cc9,ADD,proposal 49% reviewed
caa31a3f25,ADD,proposal 60% reviewed
caf0afc19e,ADD,proposal 56% reviewed
cb672ee9b3,ADD,proposal 50% reviewed
cb8195c405,FIX,proposal 73% reviewed
cc2ad63616,ADD,proposal 61% reviewed
cc4fd1071f,ADD,proposal 61% reviewed
cc6630667c,ADD,proposal 55% reviewed
cd34897c1f,TOKENISED,proposal 88% reviewed
cdc1e7f63d,ADD,proposal 59% reviewed
cdd1558fd1,ADD,proposal 65% reviewed
ce1111ce35,ADD,proposal 49% reviewed
ce5cea8cbc,ADD,proposal 54% reviewed
ce68c672e4,ADD,proposal 43% reviewed
ce85c8196a,ADD,proposal 0% reviewed
ce8bc760cc,ADD,proposal 61% reviewed
cfb7ca7d14,ADD,proposal 47% reviewed
cffa4307fe,TOKENISED,proposal 64% reviewed
d04cbb1a89,ADD,proposal 61% reviewed
d19068ec8c,ADD,proposal 62% reviewed
d21d57c057,TOKENISED,proposal 82% reviewed
d272e53253,ADD,proposal 58% reviewed
d298c8a592,ADD,proposal 0% reviewed
d2cbb0cd9f,FIX,proposal 73% reviewed
d2dffaaf9a,ADD,proposal 52% reviewed
d53974d068,ADD,proposal 65% reviewed
d64b797b74,ADD,proposal 57% reviewed
d6993743e2,ADD,proposal 54% reviewed
d6cafd29c5,ADD,proposal 51% reviewed
d82d0ab73c,ADD,proposal 57% reviewed
d86294d2fc,ADD,proposal 50% reviewed
da00a55951,ADD,proposal 0% reviewed
da5adbc571,ADD,proposal 67% reviewed
daa587f6fb,ADD,proposal 68% reviewed
dabc766aea,TOKENISED,proposal 66% reviewed
db27b41b60,ADD,proposal 57% reviewed
db4983744d,ADD,proposal 69% reviewed
db56c0a4ad,ADD,proposal 55% reviewed
dc7fa2bb78,ADD,proposal 55% reviewed
dca1eae90c,ADD,proposal 51% reviewed
dcb3461d81,ADD,proposal 50% reviewed
dd0fbe38b9,ADD,proposal 65% reviewed
dd5971baba,ADD,proposal 52% reviewed
ddd821c8d5,FIX,proposal 78% reviewed
de603c083b,ADD,proposal 48% reviewed
dfc3c82067,ADD,proposal 57% reviewed
e00c98aef8,TOKENISED,proposal 73% reviewed
e028281c9b,FIX,proposal 84% reviewed
e0fed389c6,ADD,proposal 71% reviewed
e165abc35a,ADD,proposal 49% reviewed
e17770774f,ADD,proposal 0% reviewed
e1f394acfb,ADD,proposal 52% reviewed
e1f6964975,ADD,proposal 55% reviewed
e228247694,ADD,proposal 71% reviewed
e23ef66b86,ADD,proposal 62% reviewed
e2acfb1733,ADD,proposal 59% reviewed
e31ccd8809,ADD,proposal 44% reviewed
e35ded062b,ADD,proposal 44% reviewed
e46e750375,ADD,proposal 58% reviewed
e4a75305eb,ADD,proposal 47% reviewed
e510708c55,ADD,proposal 58% reviewed
e560132df1,ADD,proposal 44% reviewed
e598cd4d6a,ADD,proposal 0% reviewed
e5ec4cf6ba,FIX,proposal 98% reviewed
e6776721e7,ADD,proposal 62% reviewed
e69e800e40,ADD,proposal 47% reviewed
e73ed91236,ADD,proposal 58% reviewed
e787682d1a,ADD,proposal 64% reviewed
e7b0cedfad,ADD,proposal 59% reviewed
e8107c4edd,ADD,proposal 56% reviewed
e835c34040,ADD,proposal 53% reviewed
e851565807,ADD,proposal 48% reviewed
e882a19b50,ADD,proposal 50% reviewed
e89b2ed8cc,FIX,proposal 97% reviewed
e8df6ebe57,ADD,proposal 42% reviewed
e906f4a3a4,ADD,proposal 50% reviewed
e93cd6e1ef,ADD,proposal 63% reviewed
e9cf33011a,FIX,proposal 86% reviewed
ea89b0cb26,ADD,proposal 54% reviewed
eaa46daa9e,ADD,proposal 71% reviewed
eb098a6c16,ADD,proposal 51% reviewed
eb0d8bbe20,ADD,proposal 70% reviewed
ebcb8ba836,TOKENISED,proposal 60% reviewed
ecd96e0934,ADD,proposal 48% reviewed
ecf3b08039,ADD,proposal 46% reviewed
ed87f964e5,ADD,proposal 58% reviewed
ed8c65683d,FIX,proposal 87% reviewed
ee10214bca,ADD,proposal 49% reviewed
ee210c04aa,FIX,proposal 83% reviewed
ee251b97c2,ADD,proposal 51% reviewed
ee3f5415ac,FIX,proposal 87% reviewed
ef23501f0c,ADD,proposal 54% reviewed
ef68cb786c,FIX,proposal 93% reviewed
eff2aa202a,ADD,proposal 60% reviewed
f09b92895d,TOKENISED,proposal 79% reviewed
f0de8ccee8,ADD,proposal 50% reviewed
f17c5ef034,ADD,proposal 0% reviewed
f2c01529b6,TOKENISED,proposal 95% reviewed
f318513d4d,FIX,proposal 75% reviewed
f35fb59572,ADD,proposal 60% reviewed
f43098a8b3,ADD,proposal 47% reviewed
f44bad3480,ADD,proposal 50% reviewed
f4ba93b30c,ADD,proposal 50% reviewed
f576d24a46,ADD,proposal 0% reviewed
f5cb992880,ADD,proposal 55% reviewed
f6262defc5,ADD,proposal 57% reviewed
f6403e6eca,ADD,proposal 60% reviewed
f6eeafccda,ADD,proposal 54% reviewed
f72cbbb4ac,ADD,proposal 47% reviewed
f7d52d372d,ADD,proposal 46% reviewed
f8777c94f2,ADD,proposal 47% reviewed
f8fd4b53cc,ADD,proposal 45% reviewed
f9acb7cbbe,ADD,proposal 51% reviewed
f9cb576084,ADD,proposal 56% reviewed
f9d543b487,ADD,proposal 69% reviewed
fad6e59c94,ADD,proposal 66% reviewed
fb645affab,ADD,proposal 48% reviewed
fb71a63bad,ADD,proposal 0% reviewed
fbd0d1cffe,ADD,proposal 0% reviewed
fc5c4e8836,FIX,proposal 79% reviewed
fcaa35b461,ADD,proposal 49% reviewed
fcc69efea0,ADD,proposal 57% reviewed
fdb06ea33e,ADD,proposal 58% reviewed
fde54f0b2f,FIX,proposal 80% reviewed
fe06efd464,TOKENISED,proposal 92% reviewed
fe302e14e9,ADD,proposal 50% reviewed
fe6f55b546,ADD,proposal 52% reviewed
ff5b4d8f5a,ADD,proposal 48% reviewed
ffd6d0deb8,ADD,proposal 69% reviewed
aaf8c238ec,TESTED,report_builder_test: adds the E2 roof covering J1 and J3 injections
9a0f49c3b3,TESTED,report_builder_test: adds the E2 roof covering J1 and J3 injections
58760970f5,TESTED,report_builder_test: adds the E2 roof covering J1 and J3 injections
fe0d7cf576,TESTED,inspection_verbatim_e3_test: fixed prose wrongly detected as option list
8061daad21,TESTED,inspection_verbatim_e3_test: fixed prose wrongly detected as option list
eaf9d4b593,TESTED,inspection_verbatim_e4_test: fixed prose wrongly detected as option list
de3fc2b3c2,TESTED,inspection_verbatim_e4_test: fixed prose wrongly detected as option list
1ee19f05d5,TESTED,inspection_verbatim_e4_test: fixed prose wrongly detected as option list
2918271587,TESTED,report_builder_test: J1 injection
018435007f,TESTED,inspection_verbatim_e5_test: intro / fixed prose wrongly detected as option list
b5f6ebaa83,TESTED,inspection_verbatim_e5_test: intro / fixed prose wrongly detected as option list
9c7b9def04,TESTED,inspection_verbatim_e6_test: fixed prose wrongly detected as option list
d7754938e2,TESTED,inspection_verbatim_e6_test: fixed prose wrongly detected as option list
068020f5cc,HEADING,guidance for the surveyor (when the section applies); not report text. Query #39
762dfb518d,TESTED,inspection_verbatim_e7_test: fixed prose wrongly detected as option list
9259316bbc,TESTED,inspection_verbatim_e7_test: fixed prose wrongly detected as option list
3f5125f13f,TESTED,inspection_verbatim_e7_test: fixed prose wrongly detected as option list
f7148334f2,TESTED,inspection_verbatim_e8_test: intro prose wrongly detected as option list
ec10c53080,HEADING,directive: flat-property paragraph (cross-cutting item F1 in the plan)
1502ba09c9,TESTED,inspection_verbatim_e9_test
2cf1141064,TESTED,inspection_verbatim_e9_test
9b30dd14a1,HEADING,directive: flat-property paragraph (cross-cutting)
e22c980456,HEADING,PDF layout heading 'Roof Underlay' runs into the paragraph label; paragraph printed as 'No Underlay: ...' (rule f1_ul_no)
a2083eafe5,TESTED,inspection_verbatim_f_test: fixed prose wrongly detected as option list
c054c7a162,TESTED,inspection_verbatim_f_test: fixed prose wrongly detected as option list
